<?xml version="1.0" encoding="UTF-8"?>
<addon id="plugin.video.kshow123"
version="1.0.0"
name="Kshow123"
provider-name="danlevan">
<requires>
  <import addon="xbmc.python" version="2.6.9"/>
</requires>
<extension point="xbmc.python.pluginsource" library="main.py">
  <provides>video</provides>
</extension>
<extension point="xbmc.addon.metadata">
  <summary lang="en">Kshow123 Video Addon</summary>
  <description lang="en">Kshow123 provides Korean tv shows (often with English subtitles).</description>
  <disclaimer lang="en">Kshow123.net are not affiliated with any of the video content and none of the video content are held on our servers. The video content that is displayed originates from social video websites, such as, but not limited to Veoh, YouTube, Dailymotion, Yourupload and Myspace TV. In case of copyright infringement, please directly contact the responsible parties. Kshow.se operates as an index and database of anime content found publicly available on the internet, in principle conducting in the same way as yahoo. However, Kshow.se strongly believes in the protection of intellectual property and would be willing to assist when possible and applicable. Users who upload to these websites agree not to upload illegal content when creating their user accounts. Kshow.se does not accept responsibility for content hosted on third party websites, nor do we upload videos ourselves or encourage others to do so. The videos are streamed directly from the third-party video sharing services mentioned above. All other trademarks, logos, and images are the property of their respective and rightful owners.</disclaimer>
  <assets>
    <icon>icon.png</icon>
    <fanart>fanart.jpg</fanart>
    <screenshot>resources\screenshot-01.jpg</screenshot>
    <screenshot>resources\screenshot-02.jpg</screenshot>
    <screenshot>resources\screenshot-03.jpg</screenshot>    
  </assets>
  <news>First version</news>
</extension>
</addon>
